Sales person,Team
Barr Faughny,Yummies
Dennison Crosswaite,Yummies
Gunar Cockshoot,Yummies
Wilone O'Kielt,Delish
Gigi Bohling,Delish
Curtice Advani,Delish
Kaine Padly,Delish
Ches Bonnell,Jucies
Andria Kimpton,Jucies
Brien Boise,Jucies
Husein Augar,Yummies
Karlen McCaffrey,Yummies
Jan Morforth,Delish
Dotty Strutley,Delish
Kelci Walkden,Yummies
Marney O'Breen,Jucies
Rafaelita Blaksland,Jucies
Madelene Upcott,Jucies
Beverie Moffet,Jucies
Oby Sorrel,Jucies
Mallorie Waber,Yummies
Jehu Rudeforth,Yummies
Van Tuxwell,Yummies
Roddy Speechley,Delish
Camilla Castle,Delish
